{
    "loss": 0.5956252813339233,
    "accuracy": 0.8627451062202454
}