{
    "loss": 8.50648021697998,
    "accuracy": 0.44117647409439087
}